"","carat","cut","color","clarity","total_depth_percent","table","price ($)","length (mm)","width (mm)","depth (mm)"
"1",0.51,"Fair","D","SI1",65.2,55,1304,5.05,5.01,3.28
"2",0.96,"Fair","F","I1",62.9,66,1917,6.29,6.07,3.91
"3",1.18,"Fair","I","VS2",62,66,4553,6.75,6.63,4.16
"4",0.81,"Fair","H","SI2",66.2,58,1687,5.78,5.74,3.81
"5",0.51,"Fair","D","SI2",66.5,58,1109,4.95,4.89,3.27
"6",1.01,"Fair","D","SI2",64.6,58,10011,6.25,6.2,4.02
"7",0.53,"Fair","F","VS2",65.5,58,1402,5.09,5.03,3.31
"8",0.5,"Fair","H","VS2",56.3,65,1332,5.24,5.21,2.94
"9",0.7,"Fair","J","VS2",64.6,58,1672,5.58,5.56,3.6
"10",0.41,"Fair","G","VVS2",64.7,56,833,4.68,4.72,3.04
"11",2.22,"Fair","G","SI2",64.4,58,12508,8.32,8.15,5.3
"12",0.98,"Fair","G","I1",68,63,1749,6.13,6.02,4.13
"13",1.01,"Fair","F","SI1",65.9,58,4276,6.16,6.1,4.04
"14",0.47,"Fair","E","VS2",56.3,64,1075,5.19,5.14,2.91
"15",2.5,"Fair","J","SI2",66.9,58,14652,8.36,8.22,5.55
"16",1.01,"Fair","H","VVS2",65,55,4355,6.31,6.27,4.09
"17",2.1,"Fair","G","SI2",61.4,66,11946,8.26,8.19,5.05
"18",0.45,"Fair","E","VS2",66.9,60,980,4.78,4.71,3.18
"19",1.01,"Fair","I","I1",56.1,63,2342,6.7,6.65,3.74
"20",1.12,"Fair","I","SI2",64.6,57,3669,6.5,6.47,4.19
"21",1.01,"Fair","E","VS2",65.3,59,5882,6.15,6.1,4
"22",0.54,"Fair","F","SI1",61.4,66,1114,5.24,5.18,3.2
"23",1.5,"Fair","E","SI2",59.9,68,8190,7.39,7.3,4.4
"24",1.45,"Fair","F","I1",64.8,67,4320,7.16,7,4.64
"25",0.33,"Fair","F","VVS2",65.7,54,693,4.37,4.3,2.85
"26",0.71,"Fair","F","SI1",62.6,57,2088,5.73,5.68,3.57
"27",0.5,"Fair","F","VS2",64.9,58,1225,4.99,4.9,3.21
"28",0.63,"Fair","H","VS1",57.3,62.5,1760,5.65,5.7,3.25
"29",1.5,"Fair","H","I1",66.6,54,4939,7.05,7.01,4.68
"30",0.7,"Fair","G","SI1",66,53,1949,5.53,5.47,3.63
"31",1.47,"Fair","F","SI2",65.9,59,6108,6.99,6.94,4.59
"32",4.13,"Fair","H","I1",64.8,61,17329,10,9.85,6.43
"33",0.7,"Fair","I","SI2",65.9,58,1625,5.46,5.5,3.61
"34",0.85,"Fair","G","VS1",57.7,67,2998,6.26,6.19,3.59
"35",1.02,"Fair","F","SI1",65.1,56,4462,6.29,6.25,4.08
"36",2.6,"Fair","G","SI2",64.6,57,17027,8.6,8.55,5.54
"37",2.01,"Fair","J","SI1",64.4,61,11212,7.74,7.78,5
"38",0.9,"Fair","J","VS1",65.4,60,2964,6.02,5.93,3.91
"39",0.69,"Fair","I","VS1",57.9,63,1692,5.73,5.77,3.33
"40",0.9,"Fair","I","VS2",65.4,60,3246,6.03,5.96,3.93
"41",1.5,"Fair","F","SI2",65.4,58,7644,7.17,7.1,4.67
"42",0.77,"Fair","I","VVS2",59.2,66,2292,5.96,5.9,3.51
"43",1.01,"Fair","H","SI1",66.4,57,3546,6.12,6.08,4.05
"44",1,"Fair","E","VVS2",65.4,56,7918,6.28,6.2,4.08
"45",2.01,"Fair","J","VS1",66.6,54,14402,7.76,7.92,5.22
"46",0.92,"Fair","F","SI2",65.1,58,3282,6.12,6.07,3.97
"47",0.9,"Fair","H","SI2",65.8,54,2823,6.05,5.98,3.96
"48",1,"Fair","H","SI2",67,55,2912,6.25,6.12,4.16
"49",1,"Fair","E","SI2",64.6,54,3763,6.33,6.27,4.07
"50",0.35,"Fair","G","VS2",65.9,54,1415,5.57,5.53,3.66
"51",0.68,"Fair","G","SI1",58,71,1633,5.85,5.7,3.35
"52",0.52,"Fair","F","IF",64.6,58,2144,5.04,5.17,3.3
"53",0.9,"Fair","F","VS2",65.7,57,3750,6.03,5.99,3.95
"54",2.02,"Fair","H","SI2",56.5,61,14080,8.33,8.37,4.72
"55",0.9,"Fair","E","SI2",65,58,2930,6.08,6.04,3.94
"56",0.76,"Fair","G","VS1",59,70,2800,5.89,5.8,3.46
"57",1.04,"Fair","E","SI2",67.5,56,4566,6.28,6.22,4.22
"58",0.9,"Fair","E","SI2",64.5,55,3084,6.12,6.03,3.92
"59",1.5,"Fair","H","SI1",65.9,56,7211,7.11,7.04,4.66
"60",1.5,"Fair","E","SI1",58.2,66,11128,7.45,7.4,4.32
"61",0.5,"Fair","G","SI2",65.6,56,1035,4.99,4.92,3.25
"62",2,"Fair","J","SI1",66.4,55,11189,7.82,7.67,5.15
"63",0.96,"Fair","I","SI2",66.3,58,2540,6.07,5.9,3.97
"64",1,"Fair","D","VS1",55.9,60,7083,6.77,6.71,4.38
"65",1.03,"Fair","G","SI1",64.7,63,4424,6.36,6.31,4.1
"66",1.53,"Fair","I","VS2",57.7,69,8996,7.6,7.51,4.36
"67",0.81,"Fair","G","VVS2",64.8,56.2,3323,5.82,5.98,3.82
"68",0.7,"Fair","J","VVS1",67.6,54,1691,5.56,5.41,3.71
"69",0.9,"Fair","I","SI2",67.7,61,2422,6.04,5.86,4.03
"70",0.71,"Fair","G","VS1",65.5,55,2686,5.62,5.53,3.65
"71",1.5,"Fair","F","SI1",64.6,60,11154,7.18,7.1,4.61
"72",0.75,"Fair","D","SI1",65.1,57,2376,5.64,5.6,3.66
"73",1.23,"Fair","E","I1",67.4,56,3692,6.76,6.56,4.49
"74",0.72,"Fair","D","SI1",65.6,60,2364,5.62,5.54,3.66
"75",0.92,"Fair","F","SI1",66,57,3323,6.04,5.99,3.97
"76",1,"Fair","J","VS2",65.3,61,3422,6.33,6.13,4.03
"77",0.9,"Fair","F","VS2",64.7,54,3931,6.09,6.03,3.92
"78",0.84,"Fair","D","SI2",64.5,60,2167,5.92,5.84,3.79
"79",0.71,"Fair","G","SI2",65.6,61,1994,5.46,5.37,3.55
"80",1.43,"Fair","I","VS1",50.8,60,6727,7.73,7.25,3.93
"81",0.7,"Fair","I","VS2",66.1,56,1814,5.53,5.48,3.64
"82",0.41,"Fair","D","VVS2",64.5,57,1089,4.68,4.65,3.01
"83",0.9,"Fair","I","VS2",65.8,55,2666,6.05,6.01,3.97
"84",1,"Fair","F","SI1",62.6,59,4925,6.25,6.3,3.93
"85",1.01,"Fair","J","VVS2",66,56,2998,6.29,6.22,4.13
"86",1.01,"Fair","F","VS2",65.1,59,5784,6.17,6.21,4.03
"87",1.02,"Fair","H","VS1",71.8,56,4455,6.04,5.97,4.31
"88",0.96,"Fair","F","SI2",65.2,58,3688,6.14,6.12,3.99
"89",0.71,"Fair","E","VS2",64.6,59,2902,5.62,5.59,3.62
"90",0.5,"Fair","E","SI2",65.2,57,1141,4.96,4.91,3.22
"91",0.9,"Fair","I","SI1",65.8,56,2873,6.01,5.96,3.94
"92",1,"Fair","D","SI1",65.9,54,4704,6.24,6.2,4.1
"93",0.39,"Fair","G","IF",57.1,61,1127,4.83,4.88,2.77
"94",1.64,"Fair","E","SI2",63.1,60,8954,7.58,7.5,4.75
"95",0.7,"Fair","I","I1",66.3,63,1014,5.58,5.43,3.66
"96",0.5,"Fair","E","SI2",59.8,66,1114,5.18,5.09,3.07
"97",1.17,"Fair","H","SI2",60,66,4717,6.86,6.78,4.09
"98",0.9,"Fair","G","SI2",55.9,62,3104,6.35,6.42,3.57
"99",1.52,"Fair","H","SI1",64.6,55,7433,7.24,7.19,4.66
"100",0.5,"Fair","G","VS2",65.1,56,1238,5.02,4.99,3.26
"101",1,"Fair","H","VS2",66.8,63,4166,6.19,6.08,4.1
"102",0.78,"Fair","G","SI1",64.6,56,2359,5.86,5.79,3.76
"103",0.5,"Fair","F","I1",57.5,66,827,5.3,5.17,3.01
"104",0.7,"Fair","E","SI2",65,54,2600,5.56,5.52,3.6
"105",0.31,"Fair","F","SI1",64.7,56,618,4.28,4.25,2.76
"106",2.01,"Fair","H","SI2",65.3,56,10772,7.95,7.86,5.16
"107",1.83,"Fair","J","I1",70,58,5083,7.34,7.28,5.12
"108",0.9,"Fair","I","SI2",66.4,60,2948,5.92,5.86,3.91
"109",1.6,"Fair","D","SI2",64.7,58,8666,7.35,7.28,4.73
"110",0.9,"Fair","J","SI1",64.6,61,2438,5.92,5.87,3.81
"111",0.9,"Fair","D","SI1",63.8,61,4252,6.07,5.99,3.85
"112",2.01,"Fair","H","SI2",64.9,56,10184,7.88,7.81,5.09
"113",1.51,"Fair","G","I1",65.6,54,4167,7.28,7.1,4.72
"114",1.98,"Fair","H","VS1",58.3,69,12923,8.28,8.17,4.8
"115",1.54,"Fair","I","SI2",65,56,6375,7.22,7.14,4.67
"116",0.9,"Fair","I","VVS2",67,56,3074,5.91,5.83,3.93
"117",0.4,"Fair","D","SI1",65.1,55,644,4.63,4.68,3.03
"118",1,"Fair","G","SI1",66.2,58,4295,6.25,6.15,4.11
"119",0.5,"Fair","G","VS1",66.5,58,1234,4.99,4.9,3.29
"120",0.95,"Fair","J","SI1",58,66,3154,6.5,6.46,3.76
"121",1,"Fair","F","SI1",65.8,58,4657,6.23,6.15,4.07
"122",1.01,"Fair","G","SI2",64.7,58,3856,6.14,6.23,4
"123",0.5,"Fair","H","VS1",66.6,58,1134,4.95,4.84,3.26
"124",0.71,"Fair","G","VS2",65.7,56,2274,5.51,5.54,3.63
"125",0.59,"Fair","G","I1",64.6,56,903,5.26,5.2,3.38
"126",0.85,"Fair","G","I1",62.7,60,1651,6.05,5.96,3.77
"127",1.52,"Fair","F","SI2",56.3,64,8938,7.68,7.62,4.31
"128",0.59,"Fair","I","VS1",64.4,59,1229,5.29,5.21,3.38
"129",3.4,"Fair","D","I1",66.8,52,15964,9.42,9.34,6.27
"130",0.4,"Fair","E","VS2",64.7,58,813,4.63,4.67,3.01
"131",1.01,"Fair","F","SI2",65.3,59,4317,6.28,6.24,4.09
"132",1,"Fair","G","SI2",67.8,61,2856,5.96,5.9,4.02
"133",2.58,"Fair","F","SI2",65.2,59,12500,8.58,8.51,5.57
"134",1.96,"Fair","F","I1",66.6,60,5554,7.59,7.56,5.04
"135",1.03,"Fair","D","SI2",66.4,56,3743,6.31,6.19,4.15
"136",1,"Fair","E","VS2",66.4,51,4480,6.31,6.22,4.16
"137",0.5,"Fair","F","I1",67.1,57,627,4.92,4.87,3.28
"138",0.5,"Fair","H","VS1",67.1,58,1134,4.94,4.89,3.3
"139",0.71,"Fair","D","SI1",65.1,59,2352,5.59,5.56,3.63
"140",1.5,"Fair","J","VS1",60.1,61,7819,7.25,7.3,4.37
"141",1,"Fair","F","VS1",65.3,56,5833,6.28,6.25,4.09
"142",0.7,"Fair","G","SI1",61.7,66,2352,5.7,5.58,3.48
"143",1.03,"Fair","E","I1",78.2,54,1262,5.72,5.59,4.42
"144",0.5,"Fair","F","SI1",64.7,57,1181,4.99,4.94,3.21
"145",1.1,"Fair","E","SI1",65.5,57,3891,6.45,6.37,4.2
"146",2.01,"Fair","H","SI2",64.9,56,10184,7.88,7.81,5.09
"147",0.22,"Fair","E","VS2",65.1,61,337,3.87,3.78,2.49
"148",1.01,"Fair","F","SI2",60.1,66,3597,6.44,6.41,3.86
"149",0.5,"Fair","D","SI1",65.7,56,1323,5.01,4.97,3.28
"150",0.41,"Fair","I","VS1",65.3,58,735,4.62,4.66,3.03
"151",2,"Fair","J","I1",66.5,56,6796,7.93,7.8,5.23
"152",0.25,"Fair","E","VS1",55.2,64,361,4.21,4.23,2.33
"153",0.72,"Fair","G","I1",65.1,57,1147,5.65,5.55,3.65
"154",1.01,"Fair","E","VVS1",66.1,55,8529,6.19,6.1,4.06
"155",0.71,"Fair","I","VS2",61.6,67,1840,5.76,5.61,3.5
"156",0.32,"Fair","F","SI1",64.4,54,638,4.36,4.33,2.8
"157",0.85,"Fair","H","I1",66.9,54,1250,5.98,5.75,3.94
"158",1,"Fair","D","SI2",65.2,56,3634,6.27,6.21,4.07
"159",1,"Fair","J","VS1",65.5,55,2875,6.3,6.25,4.11
"160",1.5,"Fair","J","SI2",65.5,60,5268,7.07,7.03,4.62
"161",0.8,"Fair","G","SI2",67.1,56,2400,5.76,5.73,3.85
"162",3.65,"Fair","H","I1",67.1,53,11668,9.53,9.48,6.38
"163",0.7,"Fair","F","SI2",64.9,58,2035,5.46,5.59,3.59
"164",1,"Fair","F","VS1",65,59,6115,6.19,6.14,4.01
"165",1.01,"Fair","I","VS1",64.9,56,3801,6.29,6.2,4.07
"166",1.01,"Fair","F","VS2",69,61,6041,6.06,5.99,4.16
"167",0.7,"Fair","D","SI2",65.5,57,1806,5.56,5.43,3.6
"168",2.14,"Fair","F","SI2",64.8,60,13825,8.11,8,5.22
"169",0.32,"Fair","F","VS2",59.6,60,1715,4.42,4.34,2.61
"170",1,"Fair","G","SI1",66.1,62,3700,6.1,6.03,4.01
"171",1.51,"Fair","H","SI2",65.4,60,6291,7.06,6.96,4.6
"172",0.85,"Fair","I","SI1",65.8,65,2493,5.88,5.79,3.84
"173",0.7,"Fair","D","SI2",64.5,60,2167,5.53,5.47,3.55
"174",0.9,"Fair","E","VS2",64.5,61,4125,6.07,6.03,3.9
"175",0.9,"Fair","I","SI1",65.3,61,2873,5.98,5.94,3.89
"176",0.5,"Fair","E","VS2",79,73,2579,5.21,5.18,4.09
"177",2.32,"Fair","H","SI1",62,62,18026,8.47,8.31,5.2
"178",1.51,"Fair","F","I1",67.8,59,3734,7.09,7,4.78
"179",1.7,"Fair","D","I1",64.7,56,5617,7.46,7.37,4.8
"180",0.49,"Fair","E","VVS2",65.5,58,1705,4.91,4.86,3.2
"181",0.96,"Fair","H","SI2",67.6,63,2672,5.99,5.84,4.01
"182",0.7,"Fair","G","I1",64.3,62,956,5.59,5.49,3.57
"183",0.7,"Fair","D","SI2",67.8,58,1770,5.51,5.44,3.71
"184",0.9,"Fair","D","VS2",57.4,65,4277,6.26,6.29,3.6
"185",2.5,"Fair","G","I1",64.7,57,7854,8.48,8.44,5.47
"186",1.52,"Fair","H","SI2",65,57,7388,7.12,7.09,4.62
"187",1.5,"Fair","G","SI1",56.1,62,7300,7.6,7.52,4.24
"188",1.51,"Fair","H","SI2",66.9,57,5919,7.13,7.09,4.75
"189",1.52,"Fair","J","SI2",65.8,57,5916,7.18,7.11,4.7
"190",0.7,"Fair","E","SI2",64.4,58,1998,5.58,5.51,3.57
"191",1.01,"Fair","H","SI1",64.5,59,3869,6.27,6.23,4.03
"192",1.01,"Fair","D","VS2",65.3,58,6366,6.29,6.24,4.09
"193",2.01,"Fair","I","I1",67.4,58,5696,7.71,7.64,5.17
"194",0.32,"Fair","D","VVS1",62.4,61,875,4.38,4.44,2.75
"195",1,"Fair","H","VS1",55.8,60,5460,6.66,6.61,3.7
"196",0.57,"Fair","E","VVS1",58.7,66,2805,5.34,5.43,3.16
"197",0.71,"Fair","F","IF",58.7,62,3205,5.87,5.81,3.43
"198",0.7,"Fair","I","VS1",60.2,66,2234,5.77,5.62,3.44
"199",0.5,"Fair","F","VS1",65,55,1577,5.01,4.96,3.24
"200",0.71,"Fair","D","SI1",66.3,56,2372,5.61,5.49,3.68
"201",1.5,"Good","I","VS1",57.2,62,9702,7.64,7.61,4.36
"202",0.91,"Good","H","VS2",63.8,59,3192,5.99,5.96,3.82
"203",1.52,"Good","F","SI1",63.6,54,10664,7.33,7.22,4.63
"204",1,"Good","H","VS2",57.8,59,4166,6.53,6.47,3.75
"205",1.54,"Good","J","SI1",62.9,62,7349,7.3,7.36,4.61
"206",0.3,"Good","E","SI1",63.6,57,526,4.22,4.24,2.69
"207",1.51,"Good","G","VVS2",63.8,59,13155,7.24,7.28,4.63
"208",1.09,"Good","D","VS1",63.9,57,7493,6.57,6.49,4.17
"209",1.33,"Good","D","VS2",63.6,58,11023,7.02,6.91,4.43
"210",0.5,"Good","D","VS2",63.4,57,1635,5.04,5.09,3.21
"211",1.01,"Good","G","SI1",63.9,57,4588,6.3,6.37,4.05
"212",1.01,"Good","D","SI1",57.6,60,5501,6.59,6.64,3.81
"213",0.25,"Good","E","VVS2",58,65,476,4.13,4.18,2.41
"214",1.51,"Good","G","VS2",63.7,57,9741,7.21,7.18,4.58
"215",0.31,"Good","E","SI1",63.6,57,544,4.28,4.3,2.73
"216",0.71,"Good","F","SI1",57.9,53,2300,5.84,5.8,3.37
"217",1.7,"Good","H","VS2",62.5,59,12723,7.48,7.58,4.71
"218",1,"Good","H","SI1",61,61,4510,6.36,6.42,3.9
"219",1.05,"Good","H","SI1",59.2,60,4845,6.59,6.62,3.91
"220",1.02,"Good","H","SI1",57.1,61,4167,6.66,6.57,3.78
"221",1.2,"Good","F","VVS1",63.6,57,10982,6.71,6.74,4.28
"222",1.01,"Good","D","SI2",64.6,59,4468,6.23,6.3,4.05
"223",0.7,"Good","H","SI1",63.3,60,2029,5.57,5.65,3.55
"224",0.4,"Good","G","SI2",63.2,56,596,4.7,4.73,2.98
"225",0.71,"Good","G","VS2",64,55,2599,5.65,5.67,3.62
"226",0.52,"Good","E","SI2",63.7,56,1229,5.15,5.12,3.27
"227",0.96,"Good","H","SI2",56.7,62,3454,6.51,6.39,3.66
"228",0.71,"Good","J","VS1",63.3,55,1881,5.62,5.66,3.57
"229",0.71,"Good","F","SI2",64.1,60,2130,0,0,0
"230",0.7,"Good","E","SI2",59.9,57,2026,5.75,5.8,3.46
"231",1.5,"Good","G","VS2",63.3,62,11577,7.08,7.2,4.52
"232",1.52,"Good","H","VS1",63.5,60,11804,7.24,7.28,4.61
"233",0.7,"Good","E","SI1",63.2,57,2496,5.61,5.63,3.55
"234",1,"Good","J","VS2",57.6,58,3422,6.59,6.56,3.79
"235",1.09,"Good","D","IF",58.7,61,16406,6.75,6.85,3.99
"236",1,"Good","E","SI1",63.1,64,4435,6.31,6.25,3.96
"237",1.01,"Good","F","SI2",58.2,63,4119,6.51,6.55,3.8
"238",1.2,"Good","H","SI2",62.2,62,5082,6.69,6.75,4.18
"239",1.01,"Good","E","SI1",63.6,60,5226,6.38,6.32,4.04
"240",0.97,"Good","J","VS2",60,56,3717,6.4,6.46,3.86
"241",1.51,"Good","I","SI2",63.6,60,7815,7.23,7.27,4.61
"242",0.9,"Good","G","VS1",63.9,57,4223,6.08,6.03,3.87
"243",0.38,"Good","D","VS2",63.4,55,871,4.63,4.67,2.95
"244",0.93,"Good","G","VS1",63.8,59,4503,6.15,6.21,3.94
"245",0.4,"Good","F","VS1",63.1,59,877,4.64,4.68,2.94
"246",1.11,"Good","J","SI1",63.6,58,3916,6.57,6.48,4.15
"247",1.51,"Good","G","VS1",63.1,55,12489,7.3,7.34,4.62
"248",0.34,"Good","H","VVS1",64,57,893,4.43,4.38,2.82
"249",0.3,"Good","G","VVS1",63.4,56,789,4.27,4.31,2.72
"250",1.01,"Good","G","SI2",63.4,57,3852,6.32,6.37,4.02
"251",1.01,"Good","E","SI1",64.3,59,4853,6.34,6.31,4.07
"252",1.2,"Good","I","SI1",64.4,61,5458,6.52,6.59,4.22
"253",0.71,"Good","F","SI2",64,58,1818,5.65,5.59,3.6
"254",0.6,"Good","G","SI1",65.3,56,1350,5.21,5.26,3.42
"255",0.59,"Good","I","SI2",63.9,57,1180,5.3,5.25,3.37
"256",0.3,"Good","E","SI1",63.2,57,526,4.25,4.3,2.7
"257",0.23,"Good","E","VVS2",64.5,55,472,3.85,3.9,2.5
"258",1.01,"Good","G","SI2",63.8,56,3620,6.32,6.22,4
"259",1.11,"Good","F","SI1",62.1,61,5602,6.58,6.62,4.1
"260",1.3,"Good","J","SI2",62.9,56,5124,6.9,6.94,4.35
"261",0.7,"Good","E","VS1",59.8,62,2973,5.74,5.8,3.45
"262",0.7,"Good","D","VS1",60.4,63,3107,5.73,5.76,3.47
"263",1.01,"Good","J","SI1",58.8,57,3853,6.57,6.63,3.88
"264",0.45,"Good","F","VS2",56.8,62,1066,5.1,5.14,2.91
"265",1.22,"Good","H","SI2",63.5,56,6250,6.84,6.77,4.32
"266",0.9,"Good","G","SI2",63.8,59,3303,6.02,6.05,3.85
"267",0.35,"Good","E","SI2",63.9,55,491,4.48,4.5,2.87
"268",0.31,"Good","D","SI2",63.9,57,462,4.28,4.33,2.75
"269",0.56,"Good","E","VS1",59.8,61,1951,5.35,5.36,3.2
"270",1.21,"Good","F","VS2",63.5,55,7786,6.71,6.77,4.28
"271",1.5,"Good","H","SI2",57.3,62,5833,7.55,7.5,4.31
"272",1.5,"Good","G","SI1",64.2,58,10618,7.2,7.14,4.6
"273",0.89,"Good","E","SI2",61.6,60.9,3284,6.13,6.24,3.82
"274",0.32,"Good","G","VS1",60.8,62,548,4.4,4.45,2.69
"275",0.9,"Good","J","SI2",63.9,56,2717,6.17,6.1,3.92
"276",1.51,"Good","F","VS2",61,63,13010,7.32,7.39,4.49
"277",0.79,"Good","I","VS2",58.5,62,2451,5.99,6.04,3.52
"278",0.7,"Good","F","SI1",63.2,57,2401,5.62,5.68,3.57
"279",0.33,"Good","I","SI1",63.2,58,445,4.36,4.38,2.76
"280",0.3,"Good","D","VS2",63.1,58,568,4.26,4.3,2.7
"281",0.9,"Good","D","SI1",63.2,55,4381,6.1,6.14,3.87
"282",0.71,"Good","I","SI1",64.2,57,1715,5.59,5.57,3.58
"283",1,"Good","G","VS2",63.1,58,5621,6.31,6.39,4.01
"284",0.4,"Good","D","VS2",63.5,56,786,4.66,4.72,2.98
"285",2,"Good","E","SI2",64.7,57,15393,7.75,7.86,5.05
"286",0.35,"Good","G","SI1",63.4,56,522,4.46,4.5,2.84
"287",1.01,"Good","F","VS2",57.3,62,5487,6.63,6.59,3.79
"288",1,"Good","F","VS1",64.2,60,6389,6.18,6.28,4
"289",0.67,"Good","F","VS1",64.4,57,2244,5.55,5.6,3.6
"290",0.5,"Good","G","VVS2",63.9,58,1715,5,5.05,3.21
"291",0.9,"Good","H","SI1",63.8,56,2732,6.07,6.02,3.86
"292",1.63,"Good","I","SI1",63.7,58,9556,7.4,7.48,4.74
"293",1.21,"Good","J","IF",62.1,60,6299,6.81,6.87,4.25
"294",0.7,"Good","D","VVS2",63.7,55,3312,5.66,5.61,3.59
"295",0.91,"Good","D","SI2",64.1,62,3349,6.06,6.01,3.87
"296",0.57,"Good","E","VVS1",59.1,65,2990,5.34,5.43,3.18
"297",1.01,"Good","F","SI2",63.8,57,3532,6.31,6.36,4.04
"298",0.4,"Good","D","VVS2",60.2,63,1135,4.74,4.8,2.87
"299",1.5,"Good","G","VS2",58.8,64,11508,7.43,7.4,4.36
"300",0.91,"Good","F","VVS2",64,61,5317,6.06,6.13,3.9
"301",0.46,"Good","D","VS2",63.2,56,1205,4.89,4.92,3.1
"302",0.31,"Good","F","SI1",63.1,55,516,4.28,4.34,2.72
"303",0.59,"Good","D","SI1",63.7,56,1821,5.35,5.32,3.4
"304",0.31,"Good","G","VS1",63.7,56,625,4.27,4.3,2.73
"305",1,"Good","D","SI1",64.2,60,5093,6.22,6.28,4.01
"306",1.01,"Good","H","SI2",63.9,58,3888,6.32,6.35,4.05
"307",0.51,"Good","E","SI1",57.4,62,1266,5.24,5.29,3.02
"308",1.91,"Good","I","SI2",62.8,58,10937,7.82,7.89,4.93
"309",1.7,"Good","I","SI1",59.3,58,10796,7.72,7.77,4.59
"310",0.63,"Good","H","IF",59.3,62,2404,5.66,5.7,3.37
"311",0.5,"Good","F","SI1",63.1,61,1043,5.06,4.98,3.17
"312",0.72,"Good","D","SI2",64.1,57,2254,5.64,5.71,3.64
"313",0.3,"Good","H","SI1",63.7,57,554,4.28,4.26,2.72
"314",0.33,"Good","I","SI1",63.6,53,434,4.4,4.43,2.81
"315",1.02,"Good","G","VVS1",63.6,58,7861,6.37,6.4,4.06
"316",0.26,"Good","F","VS1",58,58,453,4.2,4.25,2.45
"317",0.7,"Good","E","VS1",61.3,62,3277,5.64,5.72,3.48
"318",2.01,"Good","J","SI1",64.3,54,8104,8.05,7.95,5.14
"319",0.31,"Good","E","SI1",63.9,56,698,4.31,4.27,2.74
"320",0.31,"Good","H","VS2",63.8,56,470,4.33,4.29,2.75
"321",0.73,"Good","J","VS2",60.8,63,2098,5.67,5.78,3.48
"322",0.41,"Good","E","SI1",59.5,62,760,4.85,4.87,2.89
"323",0.41,"Good","E","SI1",63.6,58,904,4.74,4.72,3.01
"324",0.32,"Good","G","SI1",63.5,56,477,4.35,4.38,2.77
"325",0.35,"Good","H","SI1",63.2,57,504,4.48,4.51,2.84
"326",1.5,"Good","F","SI2",62.6,64,8820,7.25,7.19,4.52
"327",0.3,"Good","H","SI1",63.1,56,432,4.27,4.29,2.7
"328",0.9,"Good","G","SI1",63.7,58,3734,6.09,6.12,3.89
"329",0.43,"Good","E","SI2",63.4,57,669,4.77,4.82,3.04
"330",0.3,"Good","J","SI1",64,55,339,4.25,4.28,2.73
"331",0.3,"Good","H","VVS1",63.3,59,684,4.22,4.28,2.69
"332",1.2,"Good","D","VS2",62.4,60,8521,6.69,6.77,4.2
"333",0.53,"Good","E","SI1",62.6,64,1282,5.13,5.22,3.24
"334",1.5,"Good","F","VS2",58.6,64,13160,7.52,7.46,4.39
"335",1.53,"Good","I","SI1",63.1,57,8095,7.28,7.34,4.61
"336",0.7,"Good","D","VS1",60.4,62,3463,5.73,5.76,3.47
"337",1,"Good","D","VS2",60.7,61,7026,6.4,6.46,3.9
"338",0.74,"Good","F","SI2",59.3,61,2190,5.87,5.97,3.51
"339",0.4,"Good","I","SI1",63.9,57,596,4.66,4.7,2.99
"340",0.84,"Good","G","VS2",63.6,59,3312,5.94,5.89,3.76
"341",0.8,"Good","G","SI1",63.9,57,2650,5.84,5.81,3.72
"342",0.34,"Good","E","SI1",63.5,55,556,4.44,4.47,2.83
"343",0.34,"Good","F","IF",59,61,917,4.59,4.63,2.72
"344",0.93,"Good","G","VS1",63.8,59,4425,6.21,6.15,3.94
"345",0.33,"Good","D","VS2",63.5,56,625,4.36,4.4,2.78
"346",1.62,"Good","I","VS1",59.6,65,9526,7.69,7.59,4.55
"347",0.8,"Good","G","SI2",63.7,58,2484,5.88,5.83,3.73
"348",0.76,"Good","J","VS1",62.6,61.9,2015,5.7,5.75,3.58
"349",1.41,"Good","H","VS2",63.8,60,9254,7.12,7.04,4.52
"350",0.9,"Good","E","SI2",63.2,57,3401,6.06,6.15,3.86
"351",1.01,"Good","F","VS2",60.8,61,6271,6.42,6.45,3.91
"352",1.51,"Good","H","SI2",62.8,60,7929,7.22,7.26,4.55
"353",1.2,"Good","I","VS1",59.6,61,5818,6.84,6.89,4.09
"354",0.7,"Good","F","SI2",63.3,58,1978,5.57,5.61,3.54
"355",2.03,"Good","J","VVS2",63.2,60,15898,7.88,7.94,5
"356",1.7,"Good","F","VS1",57.6,63,17330,7.86,7.81,4.51
"357",1.21,"Good","E","I1",64,57,4201,6.73,6.67,4.29
"358",1.01,"Good","G","SI2",63.8,56,4327,6.32,6.28,4.02
"359",1.11,"Good","D","SI1",57.8,61,6088,6.83,6.78,3.93
"360",1.01,"Good","E","SI1",56.9,61,4928,6.65,6.6,3.77
"361",0.73,"Good","E","VS1",60.8,61,3471,5.77,5.8,3.52
"362",0.7,"Good","F","SI1",64.3,62,1878,5.55,5.49,3.55
"363",0.7,"Good","H","VVS1",62.7,56,2877,5.6,5.66,3.53
"364",0.4,"Good","E","SI1",63.7,57,882,4.69,4.66,2.98
"365",1.01,"Good","D","VS2",63.1,60,6999,6.35,6.39,4.02
"366",0.3,"Good","I","SI1",63.5,57,394,4.24,4.26,2.7
"367",0.31,"Good","E","SI1",63.2,59,544,4.28,4.33,2.72
"368",0.63,"Good","H","VS1",62.9,54,1767,5.47,5.56,3.47
"369",0.37,"Good","G","VS1",63.1,56,746,4.57,4.59,2.89
"370",1,"Good","H","VVS1",63.5,60,6183,6.3,6.36,4.02
"371",1.27,"Good","F","I1",59.2,64,4324,7.06,6.99,4.16
"372",1.01,"Good","G","VS1",57.7,63,6613,6.55,6.65,3.81
"373",0.36,"Good","F","VS1",63.6,60,945,4.52,4.47,2.86
"374",0.41,"Good","D","SI1",63.8,56,738,4.68,4.72,3
"375",1.11,"Good","I","VS2",63.6,58,5054,6.57,6.52,4.16
"376",0.31,"Good","G","VS1",63.2,57,625,4.28,4.33,2.72
"377",1,"Good","G","VS2",63.4,57,5702,6.27,6.31,3.99
"378",0.3,"Good","J","VS2",63.4,57,368,4.22,4.26,2.69
"379",0.74,"Good","H","VS2",63,57,2327,5.72,5.77,3.62
"380",1.51,"Good","E","SI1",63.6,56,12490,7.34,7.23,4.63
"381",0.73,"Good","F","SI2",58.1,62,2191,5.92,5.93,3.44
"382",1.01,"Good","E","SI2",61.4,64,4285,6.29,6.42,3.9
"383",1,"Good","G","VVS2",61.6,60,7572,6.34,6.38,3.92
"384",1.01,"Good","G","VS1",63.2,58,6499,6.34,6.38,4.02
"385",1,"Good","E","VVS2",65.3,56,7226,6.19,6.24,4.06
"386",0.41,"Good","E","SI2",63.2,58,638,4.68,4.72,2.97
"387",0.46,"Good","F","IF",57.5,58,1806,5.12,5.18,2.96
"388",0.7,"Good","D","SI2",63.6,62,2247,5.61,5.55,3.55
"389",0.31,"Good","G","VVS2",63.4,59,707,4.26,4.29,2.71
"390",1,"Good","E","SI1",61.6,62,5784,6.35,6.42,3.93
"391",0.3,"Good","D","VS2",63.6,54,521,4.26,4.32,2.73
"392",0.33,"Good","D","VS2",63.6,56,625,4.38,4.42,2.8
"393",1.19,"Good","I","SI1",63.7,57.2,5236,6.69,6.73,4.28
"394",0.3,"Good","E","SI1",63.7,58,675,4.27,4.24,2.71
"395",0.52,"Good","F","SI2",58.7,64,1350,5.24,5.26,3.08
"396",1.51,"Good","I","SI1",63.9,63,7233,7.17,7.2,4.59
"397",0.5,"Good","F","VS2",63.2,58,1436,5,5.03,3.17
"398",0.47,"Good","I","VVS1",61.8,62,1093,4.94,4.97,3.06
"399",0.7,"Good","I","VS1",64.3,58,2271,5.56,5.61,3.59
"400",0.5,"Good","D","SI1",63.7,57,1235,5.01,4.94,3.17
"401",0.6,"Ideal","G","VS2",62.1,57,1625,5.36,5.43,3.35
"402",1,"Ideal","J","SI1",59.2,62,3929,6.47,6.5,3.84
"403",1.01,"Ideal","D","SI2",62.6,56,4872,6.4,6.34,3.99
"404",1.08,"Ideal","D","SI2",59.1,60,5177,6.7,6.76,3.98
"405",2.02,"Ideal","I","SI1",62.3,57,15785,8.07,8.11,5.04
"406",0.7,"Ideal","G","SI1",60.7,55,2744,5.76,5.8,3.51
"407",1.5,"Ideal","G","VS2",63,56,12821,7.32,7.26,4.59
"408",1.17,"Ideal","H","VS2",60.3,61,6324,6.84,6.8,4.11
"409",0.38,"Ideal","H","SI1",61.2,55.1,637,4.69,4.73,2.88
"410",1.16,"Ideal","J","SI1",60.7,57,3955,6.77,6.83,4.13
"411",0.71,"Ideal","G","VS1",60.7,57,3431,5.76,5.8,3.51
"412",1.21,"Ideal","G","VVS2",62,56,10378,6.8,6.84,4.23
"413",0.91,"Ideal","E","SI2",61.1,58,3723,6.25,6.29,3.83
"414",0.51,"Ideal","F","VVS2",60.4,56,2054,5.18,5.22,3.14
"415",0.31,"Ideal","D","VVS2",61.9,55,997,4.39,4.36,2.71
"416",0.9,"Ideal","H","VS2",62.5,53,4369,6.17,6.22,3.87
"417",1.01,"Ideal","E","SI1",62.6,57,5599,6.43,6.38,4.01
"418",0.36,"Ideal","F","VS2",61,56,759,4.61,4.64,2.82
"419",1.54,"Ideal","G","VVS1",61.4,56,18294,7.42,7.47,4.57
"420",0.34,"Ideal","G","VS2",61.5,55,765,4.5,4.47,2.76
"421",0.43,"Ideal","F","SI1",61.7,54,792,4.86,4.9,3.01
"422",0.77,"Ideal","D","SI2",62.1,56,2896,5.83,5.89,3.64
"423",1.76,"Ideal","F","SI2",62.6,55,9659,7.69,7.64,4.8
"424",1.15,"Ideal","I","VS1",61.7,56,7096,6.73,6.76,4.16
"425",2,"Ideal","J","VS2",62.3,55,13263,8.03,8.06,5.01
"426",0.41,"Ideal","G","VVS2",62.5,55,1007,4.75,4.76,2.97
"427",0.36,"Ideal","J","VS2",61.5,55,459,4.6,4.63,2.84
"428",0.38,"Ideal","H","SI1",61.5,56,680,4.67,4.69,2.88
"429",0.38,"Ideal","F","VS2",61.2,57,889,4.67,4.64,2.85
"430",0.42,"Ideal","F","SI1",61.6,55,838,4.85,4.83,2.98
"431",0.4,"Ideal","G","VS1",62.2,56,1125,4.74,4.72,2.94
"432",0.71,"Ideal","D","VS2",61.2,55,4029,5.74,5.78,3.53
"433",0.3,"Ideal","H","VS2",62.4,54,491,4.31,4.34,2.7
"434",0.55,"Ideal","G","VVS1",62,55,2042,5.25,5.27,3.26
"435",0.32,"Ideal","G","VVS2",62.2,55,730,4.41,4.43,2.75
"436",0.71,"Ideal","F","VS2",61.6,56,3516,5.74,5.77,3.54
"437",1.01,"Ideal","G","VS1",62.1,54,7262,6.41,6.43,3.99
"438",0.4,"Ideal","D","SI1",63,57,924,4.7,4.66,2.95
"439",0.46,"Ideal","J","VS2",61.4,56,746,4.96,5,3.06
"440",0.55,"Ideal","E","SI1",62.3,56,1551,5.23,5.26,3.27
"441",0.96,"Ideal","G","SI2",62,58,3945,6.3,6.34,3.92
"442",0.31,"Ideal","G","VVS2",62.7,57,907,4.33,4.31,2.71
"443",1.34,"Ideal","G","VVS1",62.2,56,11640,7.11,7.04,4.4
"444",0.33,"Ideal","I","IF",62.1,55,891,4.44,4.41,2.75
"445",1.05,"Ideal","G","VS2",60.8,57,6604,6.65,6.58,4.02
"446",2.18,"Ideal","J","VS2",60.3,57,16427,8.41,8.45,5.08
"447",0.41,"Ideal","F","VVS1",60.3,56,1356,4.85,4.8,2.91
"448",0.71,"Ideal","E","SI1",61.9,55,3360,5.74,5.77,3.56
"449",0.4,"Ideal","J","VS1",60.4,56,641,4.77,4.8,2.89
"450",1.14,"Ideal","F","VVS1",62.2,56,11844,6.69,6.67,4.16
"451",0.72,"Ideal","E","SI1",61,56,2976,5.82,5.85,3.56
"452",0.51,"Ideal","G","SI2",62.1,56,1148,5.1,5.13,3.18
"453",0.3,"Ideal","D","VVS2",61.7,57,814,4.33,4.36,2.68
"454",0.41,"Ideal","G","VVS2",62.9,56,1076,4.74,4.7,2.97
"455",1.39,"Ideal","I","VVS2",61.6,53,8271,7.21,7.22,4.44
"456",0.37,"Ideal","E","SI1",61.9,56,649,4.57,4.6,2.84
"457",0.31,"Ideal","G","VVS1",62.5,57,816,4.31,4.36,2.71
"458",0.91,"Ideal","I","VS1",62.4,57,3954,6.17,6.21,3.86
"459",0.32,"Ideal","E","SI2",61.6,56,427,4.4,4.43,2.72
"460",0.31,"Ideal","D","VVS2",61.2,55,1034,4.37,4.42,2.69
"461",0.31,"Ideal","H","VVS1",62.2,54,687,4.34,4.37,2.71
"462",0.37,"Ideal","E","SI1",61.4,56,777,4.65,4.6,2.84
"463",0.24,"Ideal","F","VVS2",61.6,54,552,4,4.09,2.49
"464",0.31,"Ideal","G","IF",62.5,56,871,4.33,4.37,2.71
"465",0.39,"Ideal","J","VS2",61.8,55.9,586,4.66,4.69,2.89
"466",1.68,"Ideal","I","VS2",62.1,57,10800,7.6,7.54,4.7
"467",0.72,"Ideal","G","VS2",61,55,3547,5.81,5.83,3.55
"468",0.5,"Ideal","D","SI1",62.7,57,1272,5.06,5.08,3.18
"469",1.02,"Ideal","J","SI2",60.3,54,2879,6.53,6.5,3.93
"470",0.39,"Ideal","I","VS1",62.5,54,816,4.67,4.7,2.92
"471",0.36,"Ideal","E","VS1",62,54.2,863,4.55,4.58,2.83
"472",1.37,"Ideal","I","VS2",61.6,55,8000,7.13,7.16,4.4
"473",1.23,"Ideal","I","SI2",62.3,55,4773,6.85,6.82,4.26
"474",0.71,"Ideal","J","SI1",61.6,57,1889,5.72,5.75,3.53
"475",0.32,"Ideal","G","VVS2",62.1,54,708,4.4,4.42,2.74
"476",0.35,"Ideal","D","SI1",60.7,57,827,4.57,4.53,2.76
"477",0.4,"Ideal","G","IF",63.1,54,1239,4.69,4.73,2.97
"478",0.7,"Ideal","H","VVS2",61,56,3325,5.75,5.78,3.52
"479",0.54,"Ideal","F","VS2",61.3,57,2333,5.29,5.24,3.23
"480",0.42,"Ideal","D","VVS2",61.7,57,1132,4.8,4.82,2.97
"481",0.35,"Ideal","E","VS1",61.9,56,1063,4.53,4.51,2.8
"482",0.77,"Ideal","D","SI1",61.4,56,2996,5.9,5.93,3.63
"483",0.33,"Ideal","H","VS2",60.7,57,521,4.46,4.5,2.72
"484",1.52,"Ideal","G","SI2",61.3,57,8852,7.39,7.36,4.52
"485",1.02,"Ideal","G","VS2",62.8,57,6169,6.46,6.41,4.04
"486",0.33,"Ideal","E","VS2",61,57,723,4.43,4.46,2.71
"487",0.59,"Ideal","F","VVS2",62,54,2679,5.36,5.38,3.33
"488",0.71,"Ideal","E","SI2",62.3,57,2190,5.66,5.74,3.55
"489",0.37,"Ideal","E","VVS2",62.2,56,1082,4.63,4.6,2.87
"490",0.36,"Ideal","I","VS2",61.8,55,648,4.61,4.58,2.84
"491",1.05,"Ideal","G","SI1",61.9,56,5361,6.51,6.55,4.04
"492",0.3,"Ideal","E","VVS1",61.2,58,838,4.28,4.31,2.63
"493",0.72,"Ideal","E","VS2",62.8,57,2835,5.71,5.73,3.59
"494",1.09,"Ideal","E","VS1",61.3,56,8809,6.71,6.66,4.1
"495",0.53,"Ideal","E","VVS2",60.5,57,2456,5.24,5.28,3.18
"496",1.02,"Ideal","H","SI1",61.6,57,4540,6.43,6.5,3.98
"497",0.36,"Ideal","F","VS2",60.9,57,726,4.58,4.61,2.8
"498",0.72,"Ideal","F","SI2",60.8,56,2674,5.82,5.79,3.53
"499",0.32,"Ideal","F","VVS1",61.4,56,926,4.38,4.42,2.7
"500",0.34,"Ideal","E","VS2",62.5,55,956,4.5,4.46,2.8
"501",0.4,"Ideal","F","VVS1",61.5,56,1206,4.77,4.73,2.92
"502",0.31,"Ideal","G","SI2",60.5,57,523,4.4,4.36,2.65
"503",0.46,"Ideal","J","IF",61.8,56,1221,4.98,4.95,3.07
"504",1.02,"Ideal","H","SI2",61.8,55,4284,6.51,6.47,4.01
"505",1.23,"Ideal","H","I1",61.6,55,3168,6.92,6.87,4.25
"506",1.23,"Ideal","J","VS2",61.5,57,5030,6.85,6.9,4.23
"507",0.7,"Ideal","F","VS1",62,55,2751,5.74,5.71,3.55
"508",0.46,"Ideal","H","VS2",61.5,55,1252,4.98,5.01,3.07
"509",1.05,"Ideal","H","VS2",61.4,55,5993,6.53,6.57,4.02
"510",0.63,"Ideal","F","VS2",61.2,56,2182,5.56,5.51,3.39
"511",1.31,"Ideal","G","VS1",61.5,57,10071,7.06,7.02,4.33
"512",0.57,"Ideal","D","VS2",60.3,57,1718,5.42,5.4,3.26
"513",2.01,"Ideal","H","SI2",62.3,57,12762,8.1,8.04,5.03
"514",0.97,"Ideal","F","SI1",61.7,56,3884,6.37,6.32,3.92
"515",1.04,"Ideal","I","SI1",61.9,54,4941,6.51,6.57,4.05
"516",0.6,"Ideal","I","SI1",62.1,55,1390,5.39,5.42,3.35
"517",0.32,"Ideal","G","VS2",61.4,56,561,4.37,4.39,2.69
"518",0.32,"Ideal","G","VS1",61.2,56,645,4.39,4.43,2.7
"519",0.44,"Ideal","D","VVS2",61.8,54.8,1408,4.89,4.92,3.03
"520",0.73,"Ideal","G","VS2",61.7,56,3154,5.79,5.81,3.58
"521",0.33,"Ideal","D","SI1",62.5,54,608,4.43,4.44,2.77
"522",1.24,"Ideal","H","VS2",60.1,59,7701,6.99,7.03,4.21
"523",0.42,"Ideal","G","VS1",62,55,984,4.83,4.78,2.98
"524",0.3,"Ideal","H","VVS2",61.2,57,776,4.32,4.31,2.64
"525",1.02,"Ideal","H","SI1",60,59,4724,6.56,6.55,3.93
"526",1.11,"Ideal","F","VS2",61.9,55,7823,6.62,6.66,4.11
"527",0.71,"Ideal","J","VS1",61.9,55,2034,5.75,5.69,3.54
"528",1.01,"Ideal","E","VVS1",62.2,57,10887,6.38,6.44,3.99
"529",0.41,"Ideal","G","VS2",61.6,54,900,4.81,4.84,2.97
"530",0.34,"Ideal","H","VVS2",61.7,55,667,4.48,4.5,2.77
"531",1.7,"Ideal","G","VS1",62.9,57,13605,7.59,7.52,4.75
"532",1,"Ideal","F","VS1",61.9,57,7526,6.41,6.39,3.96
"533",0.41,"Ideal","G","VS2",61.4,55,1061,4.8,4.75,2.93
"534",1.02,"Ideal","I","SI2",62.8,58,4189,6.37,6.41,4.01
"535",0.56,"Ideal","E","VS1",61.8,55,2117,5.33,5.28,3.28
"536",0.72,"Ideal","H","VS1",61.5,55,3274,5.77,5.85,3.56
"537",0.35,"Ideal","D","SI1",62.3,55,644,4.51,4.54,2.82
"538",0.7,"Ideal","I","VS1",61.8,55,2469,5.67,5.72,3.52
"539",0.74,"Ideal","G","SI1",61.9,56,2654,5.8,5.83,3.6
"540",1.16,"Ideal","G","VVS2",62,56,8646,6.71,6.75,4.17
"541",1.01,"Ideal","F","SI1",62.5,56,4969,6.38,6.42,4
"542",0.33,"Ideal","G","VVS1",61.8,59,802,4.45,4.48,2.76
"543",0.3,"Ideal","D","SI1",61.7,56,552,4.31,4.35,2.67
"544",0.32,"Ideal","G","VVS1",62.4,56,842,4.36,4.39,2.73
"545",1.02,"Ideal","E","SI1",60.7,57,5055,6.55,6.51,3.97
"546",0.73,"Ideal","G","VVS2",62.1,56,3396,5.78,5.81,3.59
"547",0.52,"Ideal","E","SI1",61,57,1682,5.22,5.2,3.18
"548",1.38,"Ideal","I","SI2",61.8,57,5796,7.14,7.1,4.4
"549",0.31,"Ideal","H","VVS2",62.4,56,802,4.38,4.34,2.72
"550",0.7,"Ideal","D","SI1",62,54,2726,5.73,5.76,3.56
"551",0.53,"Ideal","G","VVS2",60,57,1865,5.27,5.29,3.17
"552",0.32,"Ideal","F","VS1",61.3,55,676,4.43,4.46,2.72
"553",0.31,"Ideal","G","VVS2",62.4,56,907,4.36,4.33,2.71
"554",0.34,"Ideal","D","VS1",62.6,56,961,4.52,4.49,2.82
"555",0.38,"Ideal","H","VVS2",62.1,56,1031,4.64,4.67,2.89
"556",0.54,"Ideal","F","VVS2",61.2,55,2216,5.25,5.27,3.22
"557",0.26,"Ideal","E","VVS1",61.7,56,635,4.09,4.11,2.53
"558",0.43,"Ideal","F","SI1",61.7,54,1016,4.9,4.86,3.01
"559",0.38,"Ideal","I","VS1",61.5,53.9,703,4.66,4.7,2.89
"560",0.36,"Ideal","H","VS1",61.8,57,631,4.56,4.6,2.83
"561",1.09,"Ideal","G","VVS2",61.5,55,8057,6.66,6.61,4.08
"562",0.31,"Ideal","F","VVS1",62.2,54,840,4.36,4.39,2.72
"563",0.5,"Ideal","F","VS2",61.2,57,1436,5.1,5.13,3.13
"564",0.7,"Ideal","F","VVS2",61.9,54.8,3741,5.68,5.72,3.53
"565",0.7,"Ideal","E","VS2",60.8,56,3504,5.74,5.78,3.5
"566",1.06,"Ideal","G","VS2",61.3,57,6809,6.56,6.58,4.03
"567",1.26,"Ideal","H","SI1",61.6,56,8110,6.88,6.93,4.26
"568",0.9,"Ideal","G","VVS2",61.9,56,5242,6.22,6.15,3.83
"569",1.51,"Ideal","I","VS2",60.6,56,9442,7.44,7.47,4.52
"570",0.92,"Ideal","G","SI2",62.4,56,4068,6.21,6.23,3.88
"571",1.22,"Ideal","F","VVS1",61.2,57,13029,6.88,6.92,4.22
"572",0.37,"Ideal","F","SI1",61.6,56,746,4.61,4.65,2.85
"573",1.3,"Ideal","H","VS1",62.2,57,5962,7.01,6.98,4.35
"574",0.41,"Ideal","E","VS1",62.7,55,1153,4.76,4.72,2.97
"575",0.4,"Ideal","I","VS1",63,56,945,4.72,4.68,2.96
"576",0.31,"Ideal","D","SI1",62.4,53,732,4.35,4.33,2.71
"577",0.4,"Ideal","F","VS1",62,56,890,4.73,4.75,2.94
"578",0.99,"Ideal","F","SI1",62.1,58,6038,6.33,6.4,3.95
"579",1.52,"Ideal","G","VS2",61.3,59,12161,7.35,7.4,4.52
"580",0.32,"Ideal","E","VVS1",62.5,56,814,4.38,4.42,2.75
"581",0.53,"Ideal","F","VVS1",60.9,57,2830,5.23,5.29,3.19
"582",0.51,"Ideal","G","VS1",62.5,57,1656,5.07,5.14,3.19
"583",1.01,"Ideal","E","SI2",62.2,54,4751,6.43,6.39,3.99
"584",0.32,"Ideal","G","VVS2",61.9,57,936,4.41,4.38,2.72
"585",0.32,"Ideal","G","VVS2",62.6,57,936,4.38,4.34,2.73
"586",0.41,"Ideal","E","VS1",61.3,55,990,4.8,4.83,2.95
"587",0.51,"Ideal","D","VS2",62.1,56,1882,5.16,5.11,3.19
"588",0.52,"Ideal","E","VS2",61.2,56,1689,5.16,5.23,3.18
"589",0.42,"Ideal","H","VVS2",62.4,56,984,4.8,4.78,2.99
"590",0.4,"Ideal","E","SI1",61.2,57,945,4.74,4.7,2.89
"591",0.3,"Ideal","H","SI1",63,54,540,4.3,4.27,2.7
"592",2.27,"Ideal","I","SI2",60.5,55,12939,8.63,8.53,5.19
"593",0.28,"Ideal","E","VVS2",60.3,57,828,4.25,4.21,2.55
"594",1.03,"Ideal","F","VVS1",62.1,56.3,10619,6.43,6.5,4.02
"595",0.56,"Ideal","D","SI1",62.3,56,1814,5.33,5.26,3.3
"596",0.41,"Ideal","I","VS1",61.8,53,753,4.81,4.84,2.98
"597",1.29,"Ideal","G","VVS2",62.4,57,10614,6.94,6.97,4.34
"598",0.43,"Ideal","I","VVS2",62.6,57,874,4.79,4.82,3.01
"599",1.02,"Ideal","G","VVS2",62.1,57,8401,6.43,6.45,4
"600",0.4,"Ideal","J","VVS2",61.8,55,662,4.76,4.79,2.95
"601",0.44,"Premium","E","VS2",60.4,59,1073,4.93,4.9,2.97
"602",1.08,"Premium","G","SI2",62.2,56,4627,6.62,6.54,4.09
"603",1.7,"Premium","H","SI1",62.5,60,11709,7.54,7.49,4.7
"604",0.41,"Premium","F","VS1",60.7,56,1076,4.82,4.77,2.91
"605",0.9,"Premium","H","VS1",63,59,4064,6.13,6.1,3.85
"606",0.71,"Premium","E","VS2",62.1,59,2711,5.68,5.72,3.54
"607",1.52,"Premium","G","VS2",62.8,60,13768,7.26,7.22,4.55
"608",1.57,"Premium","G","SI1",59.5,58,10914,7.56,7.61,4.51
"609",1.2,"Premium","J","SI2",59.6,62,3951,6.95,6.9,4.13
"610",1.07,"Premium","H","VS2",58.9,58,4830,6.7,6.65,3.93
"611",1.65,"Premium","F","SI2",60.5,61,9693,7.7,7.65,4.64
"612",0.33,"Premium","G","VVS1",61.5,59,810,4.42,4.46,2.73
"613",0.62,"Premium","E","VVS2",62,56,2618,5.48,5.42,3.38
"614",0.41,"Premium","H","SI1",60.5,58,876,4.85,4.81,2.92
"615",2.29,"Premium","J","IF",61.4,60,18426,8.45,8.49,5.2
"616",0.59,"Premium","F","SI1",62.4,59,1561,5.37,5.33,3.34
"617",0.4,"Premium","E","VS2",62.2,59,912,4.71,4.74,2.94
"618",0.78,"Premium","D","VS2",63,58,3473,5.86,5.8,3.67
"619",1.55,"Premium","H","VS2",60.4,60,11048,7.39,7.44,4.48
"620",1.32,"Premium","F","SI2",60.6,60,6541,7.05,7.1,4.29
"621",1.13,"Premium","H","SI1",62.3,58,5101,6.67,6.68,4.16
"622",0.5,"Premium","E","VS2",60.1,61,1420,5.2,5.15,3.11
"623",2.39,"Premium","I","VS1",61.2,60,17642,8.63,8.6,5.27
"624",0.91,"Premium","F","SI2",61.4,60,3682,6.21,6.23,3.82
"625",0.71,"Premium","F","SI1",59,61,2528,5.88,5.84,3.46
"626",1.58,"Premium","H","VS1",61.7,59,11491,7.48,7.42,4.6
"627",0.34,"Premium","G","SI1",60.8,59,650,4.56,4.46,2.74
"628",1.04,"Premium","D","SI2",61.6,58,4811,6.52,6.46,4
"629",0.38,"Premium","D","VS2",58.8,61,1117,4.77,4.72,2.79
"630",0.75,"Premium","G","SI2",63,58,2250,5.81,5.77,3.62
"631",0.34,"Premium","I","VS2",61.8,58,612,4.51,4.48,2.78
"632",0.9,"Premium","D","SI2",61,61,3312,6.17,6.15,3.76
"633",0.39,"Premium","F","IF",58,61,1290,4.83,4.79,2.79
"634",2,"Premium","D","SI2",61.6,59,17835,8.2,8.09,5.02
"635",1.52,"Premium","G","VS2",62.6,55,12958,7.39,7.28,4.59
"636",1.5,"Premium","E","VS2",59.4,62,12587,7.48,7.4,4.42
"637",1.1,"Premium","F","SI2",62.1,56,3918,6.68,6.56,4.12
"638",0.72,"Premium","E","SI1",59.5,59,2732,5.87,5.83,3.48
"639",0.56,"Premium","E","VS2",61.8,56,1915,5.31,5.28,3.27
"640",1.09,"Premium","D","SI2",60.3,60,5186,6.68,6.61,4.01
"641",1,"Premium","I","SI1",58.5,59,3808,6.56,6.54,3.83
"642",2.29,"Premium","J","IF",61.4,60,18594,8.49,8.45,5.2
"643",0.31,"Premium","I","VS1",59.2,60,628,4.45,4.4,2.62
"644",2.04,"Premium","F","SI2",60.2,58,18066,8.17,8.24,4.94
"645",1.51,"Premium","E","VS2",62.2,58,13757,7.33,7.27,4.54
"646",1.11,"Premium","H","SI2",61.5,59,4212,6.61,6.56,4.05
"647",0.43,"Premium","E","SI2",60.8,58,716,4.86,4.88,2.96
"648",0.31,"Premium","G","VVS1",61.4,58,1046,4.35,4.32,2.66
"649",0.9,"Premium","I","VVS2",60.9,59,3730,6.25,6.22,3.8
"650",1,"Premium","F","VVS2",60.6,54,8924,6.56,6.52,3.96
"651",2.03,"Premium","J","SI2",61.7,61,12078,8.18,8.04,5
"652",0.32,"Premium","F","VS2",60.2,59,828,4.43,4.4,2.66
"653",1.35,"Premium","J","SI1",60.9,59,5546,7.07,7.12,4.32
"654",1.02,"Premium","D","SI2",60.2,58,5257,6.56,6.53,3.94
"655",0.38,"Premium","F","VVS1",59.2,58,1257,4.8,4.76,2.83
"656",1.52,"Premium","H","VS2",59.4,59,11206,7.49,7.45,4.44
"657",2.01,"Premium","H","SI1",61.4,56,18295,8.19,8.13,5.01
"658",1.07,"Premium","G","VS2",61.9,58,6779,6.54,6.55,4.05
"659",0.31,"Premium","D","VS2",61.7,59,942,4.34,4.31,2.67
"660",1.55,"Premium","F","VS1",62,60,15966,7.4,7.31,4.56
"661",0.9,"Premium","F","VS1",59,58,4687,6.33,6.29,3.72
"662",1.23,"Premium","G","SI2",58.9,62,4408,7.03,6.97,4.12
"663",1.09,"Premium","E","SI1",62.7,58,5237,6.6,6.55,4.12
"664",0.31,"Premium","G","VVS1",61.1,58,1046,4.35,4.32,2.65
"665",2.05,"Premium","I","SI2",62,58,9850,8.13,8.08,5.02
"666",2,"Premium","I","VS2",61.8,56,17716,8.11,8.04,4.99
"667",1,"Premium","G","IF",62.2,61,7822,6.41,6.38,3.98
"668",1.03,"Premium","E","SI2",61,60,4441,6.46,6.53,3.96
"669",1.01,"Premium","F","SI2",58.8,61,4468,6.53,6.46,3.82
"670",1.51,"Premium","F","SI1",60.7,58,11666,7.41,7.38,4.49
"671",0.28,"Premium","E","VVS1",61.1,60,828,4.21,4.17,2.56
"672",1.55,"Premium","D","VS2",61.5,58,16137,7.51,7.48,4.61
"673",2,"Premium","G","SI2",60.4,61,17136,8.21,8.12,4.93
"674",2.01,"Premium","J","SI1",62.3,59,12048,8.03,7.97,4.98
"675",0.72,"Premium","G","VVS2",61.6,58,2720,5.78,5.81,3.57
"676",0.5,"Premium","E","VS2",61.3,58,1746,5.12,5.06,3.12
"677",0.55,"Premium","I","VVS1",61.3,59,1712,5.3,5.27,3.24
"678",0.59,"Premium","D","SI2",61.2,60,1572,5.42,5.37,3.3
"679",0.41,"Premium","F","VS1",62.4,60,1007,4.71,4.77,2.96
"680",1.57,"Premium","I","SI2",62.2,60,6401,7.43,7.36,4.6
"681",0.5,"Premium","E","SI2",61.7,58,1240,5.12,5.06,3.14
"682",1,"Premium","F","VVS2",59.9,60,8448,6.46,6.5,3.88
"683",0.4,"Premium","D","VS2",62.4,59,1050,4.72,4.7,2.94
"684",0.44,"Premium","E","SI1",62.2,60,1040,4.86,4.79,3
"685",1.1,"Premium","I","SI1",61.2,61,4725,6.66,6.61,4.01
"686",0.3,"Premium","H","VS1",62.3,58,526,4.26,4.28,2.66
"687",1.16,"Premium","G","SI2",62.6,58,4969,6.72,6.66,4.19
"688",1.02,"Premium","H","SI1",62.6,59,4688,6.43,6.38,4.01
"689",0.5,"Premium","E","VS2",60.6,59,1654,5.17,5.06,3.1
"690",0.3,"Premium","D","VS2",60.6,58,911,4.36,4.32,2.63
"691",0.33,"Premium","G","VS2",61.3,61,693,4.47,4.43,2.73
"692",0.33,"Premium","G","VVS2",60.6,58,752,4.47,4.5,2.72
"693",1.04,"Premium","D","SI2",58.2,59,4330,6.67,6.62,3.87
"694",1.21,"Premium","E","VVS2",61.9,58,11395,6.84,6.79,4.22
"695",1.33,"Premium","I","SI2",62.3,59,5765,7.01,6.98,4.36
"696",0.33,"Premium","D","VS2",61.1,56,1069,4.54,4.5,2.76
"697",0.4,"Premium","F","VVS2",62.2,59,1088,4.65,4.7,2.91
"698",2.01,"Premium","J","VS2",60.4,59,13619,8.1,8.15,4.91
"699",0.54,"Premium","I","VVS1",60.8,61,1637,5.28,5.22,3.19
"700",0.97,"Premium","G","SI1",62.6,58,4400,6.24,6.18,3.89
"701",1.01,"Premium","G","VS1",61.7,56,6882,6.53,6.46,4.01
"702",0.9,"Premium","I","VS1",60.7,58,3145,6.3,6.19,3.79
"703",0.68,"Premium","G","SI1",61.9,60,1749,5.66,5.62,3.49
"704",0.34,"Premium","G","VS1",62.2,55,821,4.52,4.48,2.8
"705",1.62,"Premium","F","SI1",62.6,58,13177,7.48,7.53,4.7
"706",1.51,"Premium","J","SI1",61.2,62,6976,7.36,7.32,4.49
"707",0.64,"Premium","F","SI1",61.2,58,1816,5.6,5.54,3.41
"708",1.4,"Premium","E","SI2",62.4,57,6147,7.17,7.12,4.46
"709",2.01,"Premium","I","VS2",60.3,58,17826,8.22,8.16,4.94
"710",0.41,"Premium","E","VS1",60.7,59,1030,4.79,4.77,2.9
"711",1.51,"Premium","I","VVS2",61.1,60,10623,7.33,7.36,4.49
"712",0.7,"Premium","F","VS2",59.5,58,2838,5.85,5.75,3.45
"713",1.6,"Premium","H","VS1",62.5,58,12084,7.47,7.37,4.64
"714",1.22,"Premium","F","VVS2",63,56,10494,6.88,6.76,4.3
"715",1.6,"Premium","G","VS2",62.2,59,11489,7.45,7.48,4.64
"716",1.04,"Premium","H","I1",61.6,61,3261,6.47,6.45,3.98
"717",1.02,"Premium","G","SI2",60.7,56,3904,6.56,6.51,3.97
"718",0.7,"Premium","E","VS2",62.3,59,2737,5.7,5.64,3.53
"719",0.3,"Premium","D","SI2",60.9,58,447,4.29,4.32,2.62
"720",1.01,"Premium","F","SI2",62.6,60,4497,6.37,6.35,3.98
"721",1.31,"Premium","I","VS2",61.9,59,6438,7.02,6.98,4.33
"722",0.54,"Premium","E","VS2",61.3,59,1993,5.26,5.21,3.21
"723",0.51,"Premium","F","SI1",61.3,59,1421,5.19,5.15,3.17
"724",1.56,"Premium","F","SI2",58.8,59,7950,7.76,7.61,4.52
"725",1.51,"Premium","E","SI1",63,58,11873,7.33,7.27,4.6
"726",0.42,"Premium","D","SI2",62.1,59,898,4.82,4.78,2.98
"727",1.23,"Premium","H","VS2",59.5,59,7431,7.08,7.01,4.19
"728",1.04,"Premium","F","VS2",59.6,62,6278,6.62,6.56,3.93
"729",0.8,"Premium","H","SI1",61.5,58,2760,5.97,5.93,3.66
"730",0.74,"Premium","F","VS2",61.9,56,2805,5.8,5.77,3.58
"731",1.02,"Premium","H","SI1",59.1,60,4037,6.59,6.54,3.88
"732",0.3,"Premium","D","VS2",60.6,58,710,4.32,4.36,2.63
"733",1.2,"Premium","H","SI1",62.4,59,5592,6.72,6.68,4.18
"734",0.31,"Premium","H","VS1",59.7,58,544,4.41,4.43,2.64
"735",1.1,"Premium","H","VS1",61.3,58,5673,6.66,6.61,4.07
"736",0.71,"Premium","D","SI2",61.7,59,2768,5.71,5.67,3.51
"737",0.35,"Premium","F","SI1",61.7,58,748,4.54,4.51,2.79
"738",1.04,"Premium","F","SI1",61.5,59,5504,6.54,6.46,4
"739",1.27,"Premium","I","SI1",60.9,59,5588,6.94,6.99,4.24
"740",0.95,"Premium","F","SI1",62.3,60,4682,6.3,6.26,3.91
"741",1,"Premium","G","VS1",59.1,61,6552,6.54,6.48,3.85
"742",0.3,"Premium","D","SI1",62.7,60,709,4.26,4.23,2.66
"743",0.73,"Premium","F","I1",59.3,61,1207,5.88,5.75,3.46
"744",0.71,"Premium","E","SI2",62.1,62,2215,5.7,5.67,3.53
"745",0.5,"Premium","E","SI2",61.3,56,1240,5.13,5.08,3.13
"746",0.32,"Premium","F","VS2",61,61,828,4.41,4.38,2.68
"747",0.74,"Premium","E","SI2",59,55,2447,6.03,5.94,3.53
"748",0.53,"Premium","F","VS2",61.6,57.1,1712,5.15,5.21,3.19
"749",1.26,"Premium","H","SI2",58.6,59,5998,7.09,7.04,4.14
"750",1.06,"Premium","F","SI2",62.6,59,3901,6.51,6.47,4.06
"751",1.51,"Premium","F","SI1",62.2,58,11374,7.32,7.27,4.54
"752",0.41,"Premium","I","VVS2",59.9,58,827,4.81,4.87,2.9
"753",0.39,"Premium","G","VS2",59.8,61,942,4.75,4.72,2.83
"754",1.53,"Premium","E","VS2",61.6,58,16049,7.35,7.32,4.52
"755",0.34,"Premium","J","VS1",61.7,58,574,4.47,4.41,2.74
"756",0.36,"Premium","E","SI1",62.2,59,589,4.53,4.57,2.83
"757",0.49,"Premium","F","SI1",60.5,60,1072,5.1,5.08,3.08
"758",0.44,"Premium","I","VVS1",60.8,57,990,4.93,4.88,2.98
"759",0.71,"Premium","E","SI1",61.1,57,2629,5.73,5.69,3.49
"760",0.32,"Premium","D","VS2",62.9,59,842,4.39,4.36,2.75
"761",1.01,"Premium","E","SI2",60.8,58,4089,6.49,6.46,3.94
"762",1,"Premium","F","VS2",62.4,60,6352,6.35,6.38,3.97
"763",1.05,"Premium","H","SI2",63,59,4234,6.48,6.44,4.07
"764",1.54,"Premium","F","VS2",62.8,58,14188,7.33,7.29,4.59
"765",1.11,"Premium","G","SI1",62.3,58,5408,6.61,6.52,4.09
"766",1.29,"Premium","F","VS1",59.3,60,10437,7.14,7.1,4.22
"767",0.35,"Premium","E","SI2",61,58,491,4.52,4.56,2.77
"768",0.31,"Premium","D","SI1",62.1,58,732,4.33,4.3,2.68
"769",1.3,"Premium","G","VS2",60.9,60,9216,7.04,6.99,4.27
"770",0.9,"Premium","E","VS2",61.4,57,4435,6.19,6.16,3.79
"771",0.7,"Premium","D","SI1",62.6,58,2550,5.67,5.6,3.53
"772",0.96,"Premium","E","SI2",60.4,56,2961,6.32,6.23,3.79
"773",1.51,"Premium","J","VVS2",62.9,58,8930,7.33,7.21,4.57
"774",1.52,"Premium","H","SI2",62.6,60,6086,7.34,7.3,4.58
"775",1.01,"Premium","E","VVS2",62.4,58,9711,6.42,6.36,3.99
"776",2,"Premium","I","VS1",60.8,59,18795,8.13,8.02,4.91
"777",0.74,"Premium","H","SI1",62.4,58,2300,5.75,5.7,3.57
"778",1.03,"Premium","H","SI1",62.2,60,4932,6.43,6.4,3.99
"779",1,"Premium","H","VS2",58.4,60,4514,6.36,6.3,3.7
"780",0.91,"Premium","F","VVS2",63,56,5708,6.17,6.12,3.87
"781",1.34,"Premium","H","SI1",62.4,57,6814,7.07,6.96,4.38
"782",0.32,"Premium","F","VS2",61.7,58,645,4.38,4.41,2.71
"783",0.32,"Premium","E","VS2",61.3,59,702,4.35,4.39,2.68
"784",0.41,"Premium","E","VS1",60.6,59,1153,4.8,4.77,2.9
"785",0.26,"Premium","H","VVS2",62.4,58,600,4.07,4.04,2.53
"786",1.54,"Premium","I","VS1",61.6,58,10164,7.39,7.42,4.56
"787",1.02,"Premium","F","SI2",61.1,59,4541,6.45,6.41,3.93
"788",0.51,"Premium","F","SI1",59.4,61,1349,5.26,5.21,3.11
"789",0.32,"Premium","I","SI1",62.9,58,554,4.35,4.33,2.73
"790",0.55,"Premium","G","VS1",59.4,62,1792,5.36,5.32,3.17
"791",0.4,"Premium","D","SI1",63,57,924,4.7,4.66,2.95
"792",1.01,"Premium","F","SI2",62.2,59,4416,6.38,6.42,3.98
"793",0.34,"Premium","G","VS2",60.2,58,765,4.55,4.52,2.73
"794",1.01,"Premium","I","SI2",60.5,60,4072,6.52,6.5,3.94
"795",0.3,"Premium","G","VVS1",60.5,59,1013,4.36,4.33,2.63
"796",0.48,"Premium","F","VS2",60.1,59,1294,5.12,5.1,3.07
"797",0.71,"Premium","D","VS2",62.7,58,2683,5.67,5.53,3.54
"798",0.56,"Premium","H","VS1",60.1,58,1585,5.4,5.35,3.23
"799",0.33,"Premium","G","VVS2",60.9,59,965,4.49,4.45,2.72
"800",1.07,"Premium","E","SI2",62.9,59,5033,6.55,6.46,4.09
"801",0.24,"Very Good","E","VVS1",63.5,57,492,3.94,3.96,2.51
"802",2.18,"Very Good","G","SI2",63.1,58,16878,8.29,8.23,5.21
"803",0.41,"Very Good","D","SI1",63.4,56,907,4.76,4.73,3.01
"804",1.21,"Very Good","I","VS1",61.2,58,5866,6.85,6.91,4.21
"805",1.01,"Very Good","J","VS2",60.6,59,4337,6.42,6.45,3.9
"806",1.29,"Very Good","F","SI2",63.4,57,4977,6.92,6.77,4.35
"807",1.15,"Very Good","H","VS2",63.1,56,5750,6.7,6.62,4.2
"808",0.93,"Very Good","E","SI1",63.1,57,4531,6.19,6.17,3.9
"809",0.53,"Very Good","E","VS2",63.5,59,1678,5.17,5.13,3.27
"810",1.07,"Very Good","E","SI2",60.5,61,4609,6.55,6.61,3.98
"811",2.01,"Very Good","I","VS1",61.5,62,15335,7.94,8.07,4.92
"812",0.56,"Very Good","F","VS2",60.8,57,1706,5.29,5.33,3.23
"813",0.46,"Very Good","I","VVS1",62.9,57,1163,4.91,4.95,3.1
"814",0.57,"Very Good","E","VS2",61,57,1785,5.33,5.35,3.26
"815",1.71,"Very Good","H","SI1",60.8,56,13169,7.77,7.73,4.71
"816",1.01,"Very Good","E","SI1",58.2,59,5132,6.54,6.59,3.82
"817",1.01,"Very Good","F","VVS1",62.8,59,9474,6.37,6.43,4.02
"818",2.01,"Very Good","F","SI2",60.3,60,16728,8.08,8.11,4.88
"819",0.3,"Very Good","I","VS1",62,58,473,4.25,4.3,2.65
"820",0.3,"Very Good","E","SI1",63.2,57,675,4.3,4.25,2.7
"821",0.43,"Very Good","G","VS2",59.1,60,867,4.88,4.93,2.9
"822",0.27,"Very Good","H","VVS2",62.1,57,486,4.1,4.15,2.56
"823",1.2,"Very Good","F","SI1",63.5,57,6872,6.65,6.74,4.25
"824",1.02,"Very Good","F","VS2",62.8,57,6911,6.36,6.41,4.01
"825",1.01,"Very Good","I","SI2",61.4,59,3833,6.42,6.45,3.95
"826",0.91,"Very Good","G","SI2",63.4,60,3891,6.11,6.06,3.86
"827",2.02,"Very Good","G","SI2",63.3,57,9853,8.03,7.96,5.06
"828",0.31,"Very Good","G","VS1",62,59,625,4.28,4.3,2.66
"829",0.52,"Very Good","F","VS2",61.1,56,1591,5.21,5.24,3.19
"830",0.41,"Very Good","F","VS1",58.6,61,1007,4.83,4.87,2.84
"831",0.57,"Very Good","E","VVS2",59.6,58,2469,5.39,5.41,3.22
"832",0.3,"Very Good","H","VS1",60.1,61,526,4.3,4.32,2.59
"833",1.05,"Very Good","H","SI1",63.1,60,4692,6.49,6.42,4.07
"834",0.5,"Very Good","G","VS1",61.3,58,1592,5.03,5.09,3.1
"835",0.34,"Very Good","H","VVS1",62.9,57,775,4.44,4.47,2.8
"836",0.34,"Very Good","E","SI1",63.3,57,714,4.47,4.44,2.82
"837",0.74,"Very Good","E","VS1",63.1,58,2849,5.75,5.73,3.62
"838",0.4,"Very Good","F","VVS1",63.7,58,1116,4.65,4.68,2.97
"839",1.06,"Very Good","G","VS2",60.1,58,6212,6.64,6.67,4
"840",0.9,"Very Good","F","SI1",59.6,63,3992,6.24,6.17,3.7
"841",0.7,"Very Good","F","VS2",61,59,2362,5.69,5.75,3.49
"842",0.72,"Very Good","G","SI1",63.1,57,2385,5.71,5.67,3.59
"843",0.47,"Very Good","D","VS1",59.5,61,1422,5.06,5.03,3.02
"844",0.71,"Very Good","H","SI1",62.5,60,2096,5.68,5.75,3.57
"845",0.7,"Very Good","G","VS1",61.4,55,2748,5.7,5.74,3.51
"846",0.5,"Very Good","E","VS2",62.4,57,1568,5.01,5.03,3.13
"847",1.01,"Very Good","E","VS2",61.1,62,6517,6.39,6.5,3.94
"848",2.33,"Very Good","J","VS2",61.8,59,14801,8.41,8.56,5.24
"849",0.7,"Very Good","E","SI2",62,60,2257,5.67,5.72,3.53
"850",0.3,"Very Good","G","VVS2",62.9,58,638,4.26,4.29,2.69
"851",0.4,"Very Good","G","SI1",59.2,61,702,4.78,4.81,2.84
"852",1.02,"Very Good","J","SI2",61.1,61,3601,6.44,6.5,3.95
"853",1.2,"Very Good","I","VS2",62.3,56,5955,6.76,6.81,4.23
"854",1.06,"Very Good","G","VS1",63.4,57,6595,6.48,6.45,4.1
"855",1.11,"Very Good","I","SI2",62.6,55,4168,6.65,6.71,4.18
"856",0.72,"Very Good","H","VS2",62.9,58,2396,5.7,5.75,3.6
"857",0.33,"Very Good","F","VVS1",60.1,56,841,4.53,4.56,2.73
"858",0.32,"Very Good","E","VS1",64,56,630,4.33,4.36,2.78
"859",2.03,"Very Good","I","VS2",61.4,59,15826,8.06,8.12,4.97
"860",1.22,"Very Good","E","VS2",59.5,60,9495,6.91,7,4.14
"861",1.01,"Very Good","E","SI2",63.3,58,4581,6.37,6.3,4.01
"862",0.46,"Very Good","F","VVS1",61.4,57,1657,4.95,4.99,3.05
"863",0.3,"Very Good","E","VVS2",59.7,57,622,4.37,4.43,2.62
"864",0.8,"Very Good","I","VS2",63.3,55,2414,5.88,5.93,3.74
"865",1.09,"Very Good","F","SI2",63.2,58,4853,6.54,6.49,4.12
"866",0.9,"Very Good","G","VS1",61.5,56,4116,6.15,6.2,3.8
"867",1.52,"Very Good","D","SI2",60.6,62,9389,7.37,7.42,4.48
"868",1.51,"Very Good","H","SI1",63.5,55,8541,7.31,7.22,4.61
"869",1.02,"Very Good","F","VS2",63.2,57,6659,6.34,6.41,4.03
"870",0.83,"Very Good","H","VS2",59.4,59,3276,6.08,6.11,3.62
"871",0.3,"Very Good","H","VVS2",61,61,605,4.3,4.32,2.63
"872",0.4,"Very Good","E","VS2",62.2,58,912,4.67,4.72,2.92
"873",0.91,"Very Good","G","VVS2",62.1,60,4913,6.14,6.19,3.83
"874",0.53,"Very Good","E","VS2",61.4,55,1607,5.21,5.24,3.21
"875",0.5,"Very Good","F","VVS2",62.8,55,2153,5,5.13,3.18
"876",0.23,"Very Good","E","VS2",60.8,58,402,3.97,4.05,2.44
"877",1.12,"Very Good","I","VS2",62.9,55.9,5249,6.59,6.62,4.16
"878",0.59,"Very Good","E","VS2",60.6,60,2094,5.44,5.49,3.31
"879",0.25,"Very Good","I","VVS2",62.1,56,500,4.03,4.05,2.51
"880",0.4,"Very Good","G","SI2",63.2,56,765,4.73,4.7,2.98
"881",0.5,"Very Good","H","IF",61,60,1799,5.08,5.12,3.11
"882",0.27,"Very Good","E","VVS1",61.1,55,667,4.18,4.27,2.58
"883",0.71,"Very Good","J","SI2",60.7,61,1805,5.75,5.81,3.51
"884",1.32,"Very Good","F","VS1",60.3,57,10575,7.08,7.12,4.28
"885",0.91,"Very Good","E","VS2",62.2,60,4759,6.13,6.21,3.84
"886",0.54,"Very Good","E","VS1",61.8,58,1889,5.23,5.28,3.25
"887",1.35,"Very Good","E","SI1",62.7,57,6860,7.01,7.05,4.41
"888",0.5,"Very Good","D","VS2",59.1,59,1703,5.19,5.24,3.08
"889",1.06,"Very Good","G","I1",60.7,63,2080,6.59,6.56,3.99
"890",0.75,"Very Good","F","VS1",57.9,62,3268,5.96,6,3.46
"891",0.31,"Very Good","E","SI1",62.8,57,544,4.32,4.34,2.72
"892",1.01,"Very Good","F","SI2",62.8,58,4119,6.31,6.36,3.98
"893",1.69,"Very Good","I","VVS2",60.4,59,12394,7.7,7.73,4.66
"894",1.34,"Very Good","H","VVS2",59.7,60,9735,7.19,7.22,4.3
"895",0.8,"Very Good","E","VS1",60.7,60,4118,6,6.09,3.67
"896",0.71,"Very Good","I","SI1",62.6,59,2218,5.67,5.7,3.56
"897",0.7,"Very Good","G","VS1",62.9,59,2212,5.56,5.63,3.52
"898",1.08,"Very Good","E","SI2",59.8,59,4415,6.65,6.73,4
"899",0.33,"Very Good","I","VS1",59.9,62,575,4.48,4.57,2.71
"900",0.61,"Very Good","G","VS2",63,58,1675,5.4,5.43,3.41
"901",0.52,"Very Good","G","VS2",63.3,57,1450,5.11,5.09,3.23
"902",0.9,"Very Good","I","VS2",63.2,54,3382,6.1,6.08,3.85
"903",0.76,"Very Good","F","VS2",62,58,2873,5.8,5.86,3.62
"904",0.3,"Very Good","D","VVS2",62.9,56,752,4.27,4.29,2.69
"905",0.38,"Very Good","D","VVS2",59.1,59.9,1225,4.71,4.75,2.79
"906",1.61,"Very Good","I","SI2",60.9,63,7636,7.5,7.54,4.58
"907",0.91,"Very Good","E","SI2",62.8,59,3876,6.1,6.16,3.85
"908",0.76,"Very Good","E","VS2",63.4,58,3517,5.76,5.82,3.67
"909",1.24,"Very Good","J","SI2",60.4,61,4737,6.85,6.92,4.16
"910",0.56,"Very Good","D","VVS1",62,56,2866,5.25,5.3,3.27
"911",1.65,"Very Good","H","VS1",62,58,12773,7.56,7.66,4.72
"912",0.27,"Very Good","G","VS1",61.9,56,439,4.13,4.16,2.56
"913",1.01,"Very Good","F","SI1",61,61,4899,6.44,6.47,3.94
"914",0.33,"Very Good","D","SI1",63.1,55,728,4.46,4.42,2.8
"915",0.28,"Very Good","G","VVS2",61.4,55,522,4.21,4.24,2.59
"916",0.5,"Very Good","E","VS1",61.7,57,1675,5.12,5.16,3.17
"917",1.04,"Very Good","E","SI2",60.9,59,4486,6.58,6.62,4.02
"918",0.29,"Very Good","E","VS1",58.9,56,504,4.35,4.37,2.57
"919",1.56,"Very Good","J","SI2",61.4,58,6662,7.4,7.45,4.56
"920",0.33,"Very Good","E","SI2",60,59,463,4.47,4.49,2.69
"921",0.7,"Very Good","H","SI2",62,59,2135,5.68,5.7,3.53
"922",1.02,"Very Good","D","SI1",63.2,58,5198,6.41,6.35,4.03
"923",0.71,"Very Good","H","SI1",63.5,57,2207,5.67,5.64,3.59
"924",1.78,"Very Good","D","SI2",63.4,60,10730,7.67,7.61,4.85
"925",2.03,"Very Good","I","VS1",63.2,60,15086,8.01,7.98,5.05
"926",1.01,"Very Good","I","SI2",61.4,63,3792,6.33,6.38,3.9
"927",1.5,"Very Good","F","SI1",63.4,58,10962,7.2,7.16,4.55
"928",0.71,"Very Good","E","VS1",61.6,59,3464,5.65,5.72,3.5
"929",0.72,"Very Good","G","SI1",63.6,56,2170,5.69,5.72,3.63
"930",0.9,"Very Good","E","VS2",62.2,56,4707,6.12,6.17,3.82
"931",0.41,"Very Good","G","VVS1",63.1,57,945,4.68,4.73,2.97
"932",0.33,"Very Good","F","VVS2",61.1,56,739,4.46,4.48,2.73
"933",0.34,"Very Good","H","SI1",63.3,56,628,4.46,4.45,2.82
"934",0.49,"Very Good","G","IF",59.7,56,1865,5.16,5.19,3.09
"935",0.52,"Very Good","G","VVS1",60.9,56,1913,5.18,5.24,3.17
"936",1.01,"Very Good","F","VVS2",62.5,63,7715,6.41,6.38,4
"937",1.21,"Very Good","I","SI2",62,56,5111,6.79,6.86,4.23
"938",0.5,"Very Good","E","SI1",61.4,63,1128,5.06,5.1,3.12
"939",0.5,"Very Good","G","VVS1",61.5,56,1843,5.11,5.14,3.15
"940",1.2,"Very Good","I","SI1",62.2,55,5408,6.75,6.92,4.25
"941",0.25,"Very Good","E","VVS1",62.3,55,633,4.04,4.06,2.52
"942",0.71,"Very Good","H","VS2",62.6,59,2395,5.66,5.68,3.55
"943",1.3,"Very Good","I","SI1",62.3,58,6302,6.93,6.96,4.33
"944",0.7,"Very Good","E","VS2",60.5,63,2737,5.74,5.7,3.46
"945",0.39,"Very Good","I","VVS2",62.7,58,817,4.65,4.67,2.92
"946",0.9,"Very Good","H","VS2",62.2,58,4157,6.11,6.18,3.82
"947",0.33,"Very Good","F","VS1",62.7,59,741,4.35,4.39,2.74
"948",1.21,"Very Good","J","SI1",61.6,59,4990,6.8,6.83,4.2
"949",0.9,"Very Good","H","VS1",62.6,55,3964,6.14,6.19,3.86
"950",0.26,"Very Good","G","VVS2",62.2,56,426,4.08,4.1,2.54
"951",0.71,"Very Good","G","VS2",62.1,58,2649,5.69,5.77,3.56
"952",0.6,"Very Good","G","VS1",61.6,56,1912,5.4,5.44,3.34
"953",0.23,"Very Good","E","VS2",62.5,59,373,3.91,3.96,2.46
"954",1.17,"Very Good","H","SI2",63.1,58,4455,6.72,6.64,4.22
"955",0.7,"Very Good","H","VVS2",62.6,57,2558,5.63,5.65,3.53
"956",1.01,"Very Good","E","SI1",63.1,58,5226,6.4,6.31,4.01
"957",1.51,"Very Good","I","SI1",62.6,60,8637,7.27,7.34,4.57
"958",0.23,"Very Good","D","SI2",63.5,57,449,3.87,3.85,2.45
"959",0.3,"Very Good","I","VVS2",60.1,63,526,4.28,4.31,2.58
"960",0.33,"Very Good","G","VS1",60.1,61,666,4.44,4.48,2.68
"961",0.41,"Very Good","E","VS1",59.8,61,1079,4.79,4.85,2.88
"962",0.3,"Very Good","G","VVS1",60.7,56,725,4.32,4.35,2.63
"963",1.18,"Very Good","F","VVS2",60.1,58,11430,6.88,6.92,4.15
"964",2.54,"Very Good","I","SI2",62.4,60,17996,8.58,8.73,5.4
"965",0.71,"Very Good","G","VS2",63.1,56,2462,5.58,5.77,3.58
"966",0.8,"Very Good","G","VS2",61.1,57,2929,6.01,6.07,3.69
"967",1.01,"Very Good","F","VS2",61.6,57,6773,6.39,6.46,3.96
"968",0.35,"Very Good","I","VS1",60.7,62,552,4.53,4.59,2.77
"969",0.36,"Very Good","H","VVS1",62,55,753,4.57,4.6,2.84
"970",0.27,"Very Good","G","VS1",61.9,56,439,4.14,4.17,2.57
"971",0.65,"Very Good","F","VS1",59.3,56,2406,5.64,5.76,3.37
"972",2.01,"Very Good","E","SI2",62,61,17024,8.04,8.1,5
"973",2,"Very Good","E","SI1",60.5,59,18709,8.09,8.14,4.94
"974",0.39,"Very Good","G","SI1",61.7,57,684,4.77,4.7,2.92
"975",0.5,"Very Good","E","VVS2",61.5,60,2132,5.04,5.08,3.11
"976",1.53,"Very Good","I","SI1",63.3,58,7971,7.26,7.31,4.61
"977",0.38,"Very Good","D","SI1",62.2,53.8,831,4.65,4.69,2.9
"978",0.29,"Very Good","G","VVS1",62,55,607,4.27,4.29,2.65
"979",1.09,"Very Good","G","IF",62.9,57,8650,6.52,6.58,4.12
"980",1.06,"Very Good","H","SI1",60.2,59,4900,6.6,6.55,3.96
"981",0.78,"Very Good","I","VVS2",61.4,56,2816,5.91,5.95,3.64
"982",1.01,"Very Good","I","VS1",63.1,56,4129,6.42,6.36,4.03
"983",2.09,"Very Good","I","SI2",63.1,60,13500,8.04,8.12,5.1
"984",0.33,"Very Good","E","VVS1",61.5,57,1103,4.44,4.48,2.75
"985",0.23,"Very Good","D","VVS2",61,59,530,3.95,3.98,2.42
"986",1.01,"Very Good","E","SI2",63.3,58,3674,6.4,6.31,4.02
"987",0.24,"Very Good","D","VVS2",61.3,58,485,3.99,4.03,2.46
"988",0.36,"Very Good","E","SI1",62.4,55,631,4.52,4.55,2.83
"989",1.01,"Very Good","G","VVS2",63.4,55,6968,6.41,6.34,4.04
"990",1,"Very Good","H","VS2",62.9,57,5121,6.31,6.35,3.98
"991",1.07,"Very Good","F","VS1",62,58,7118,6.57,6.59,4.08
"992",0.41,"Very Good","F","SI2",62.6,54,612,4.75,4.77,2.98
"993",0.73,"Very Good","D","SI1",63.1,57,2808,5.74,5.7,3.61
"994",2.01,"Very Good","H","SI1",62.2,60,17434,8.05,8,4.99
"995",0.3,"Very Good","G","VS1",61.4,58,605,4.32,4.35,2.66
"996",0.7,"Very Good","F","VS2",63.9,59,2552,5.56,5.61,3.57
"997",1.12,"Very Good","G","SI2",63.4,57,3700,6.51,6.47,4.12
"998",1,"Very Good","D","SI2",63.5,59,4295,6.35,6.32,4.02
"999",1.21,"Very Good","H","VS2",62.8,57,6684,6.77,6.82,4.27
"1000",0.7,"Very Good","I","VVS2",58.6,60,2106,5.79,5.91,3.43
